meter_name,uid,n_valid_hours,mean_kw,n_aligned,elasticnet_r_oof,elasticnet_r2_oof,elasticnet_rmse_oof,elasticnet_cvrmse_oof,histgbm_r_oof,histgbm_r2_oof,histgbm_rmse_oof,histgbm_cvrmse_oof,best_model,best_r2_oof,best_r_oof,best_cvrmse_oof
男三舍,NCU_202690673,7200,27.183,7200,,,,,,,,,(NCU stub — use NTU skeleton at runtime),,,
國鼎光電大樓,NCU_202690841,8640,295.745,8640,,,,,,,,,(NCU stub — use NTU skeleton at runtime),,,
科學四館,NCU_202691135,8640,418.585,8640,,,,,,,,,(NCU stub — use NTU skeleton at runtime),,,
科學二館(理學院大樓),NCU_202691136,17280,159.931,17280,,,,,,,,,(NCU stub — use NTU skeleton at runtime),,,
文學二館,NCU_202691227,7200,28.801,7200,,,,,,,,,(NCU stub — use NTU skeleton at runtime),,,
文學一館,NCU_202691228,5040,12.449,5040,,,,,,,,,(NCU stub — use NTU skeleton at runtime),,,
羽球館,NCU_202805154,0,0.0,0,,,,,,,,,(NCU stub — use NTU skeleton at runtime),,,
iHouse享想空間,NCU_202805379,8640,13.996,8640,,,,,,,,,(NCU stub — use NTU skeleton at runtime),,,
男九舍,NCU_202805783,8640,46.826,8640,,,,,,,,,(NCU stub — use NTU skeleton at runtime),,,
女十四舍,NCU_202805788,8640,112.314,8640,,,,,,,,,(NCU stub — use NTU skeleton at runtime),,,
中大會館,NCU_202805967,8640,85.697,8640,,,,,,,,,(NCU stub — use NTU skeleton at runtime),,,
鴻經館,NCU_202805968,4320,46.226,4320,,,,,,,,,(NCU stub — use NTU skeleton at runtime),,,
管理學院二館,NCU_202805970,8640,120.343,8640,,,,,,,,,(NCU stub — use NTU skeleton at runtime),,,
綜教館(語言中心),NCU_202806028,8640,118.042,8640,,,,,,,,,(NCU stub — use NTU skeleton at runtime),,,
體育器材室,NCU_202806291,0,0.0,0,,,,,,,,,(NCU stub — use NTU skeleton at runtime),,,
第二行政中心,NCU_202806571,0,0.0,0,,,,,,,,,(NCU stub — use NTU skeleton at runtime),,,
總圖書館,NCU_202806573,11520,59.812,11520,,,,,,,,,(NCU stub — use NTU skeleton at runtime),,,
志希館,NCU_217833431,8640,217.131,8640,,,,,,,,,(NCU stub — use NTU skeleton at runtime),,,
男13舍,NCU_264560214,6480,47.076,6480,,,,,,,,,(NCU stub — use NTU skeleton at runtime),,,
地球科學院,NCU_268560615,0,0.0,0,,,,,,,,,(NCU stub — use NTU skeleton at runtime),,,
地球科學院,NCU_268560616,0,0.0,0,,,,,,,,,(NCU stub — use NTU skeleton at runtime),,,
男十一舍,NCU_268561417,6480,82.182,6480,,,,,,,,,(NCU stub — use NTU skeleton at runtime),,,
志道樓,NCU_268561418,4320,10.574,4320,,,,,,,,,(NCU stub — use NTU skeleton at runtime),,,
客家學院,NCU_268561421,0,0.0,0,,,,,,,,,(NCU stub — use NTU skeleton at runtime),,,
土木品保中心,NCU_268561932,0,0.0,0,,,,,,,,,(NCU stub — use NTU skeleton at runtime),,,
大型力學實驗室,NCU_268561934,7920,0.914,7920,,,,,,,,,(NCU stub — use NTU skeleton at runtime),,,
松苑餐廳,NCU_268561936,6480,205.006,6480,,,,,,,,,(NCU stub — use NTU skeleton at runtime),,,
男七舍,NCU_268824430,0,0.0,0,,,,,,,,,(NCU stub — use NTU skeleton at runtime),,,
學生男七宿舍,NCU_268824431,6480,13.199,6480,,,,,,,,,(NCU stub — use NTU skeleton at runtime),,,
男六舍,NCU_268824432,2160,204.1,2160,,,,,,,,,(NCU stub — use NTU skeleton at runtime),,,
遊藝館,NCU_268824433,6480,3.895,6480,,,,,,,,,(NCU stub — use NTU skeleton at runtime),,,
大講堂,NCU_268824890,7200,18.769,7200,,,,,,,,,(NCU stub — use NTU skeleton at runtime),,,
高壓變電站,NCU_268824891,0,0.0,0,,,,,,,,,(NCU stub — use NTU skeleton at runtime),,,
男十二舍,NCU_268824892,4320,198.188,4320,,,,,,,,,(NCU stub — use NTU skeleton at runtime),,,
國際學生宿舍,NCU_268840856,6480,19.876,6480,,,,,,,,,(NCU stub — use NTU skeleton at runtime),,,
男五舍,NCU_268840857,8640,124.653,8640,,,,,,,,,(NCU stub — use NTU skeleton at runtime),,,
據德樓,NCU_268840858,6480,3.123,6480,,,,,,,,,(NCU stub — use NTU skeleton at runtime),,,
工程一館,NCU_268841451,7920,85.986,7920,,,,,,,,,(NCU stub — use NTU skeleton at runtime),,,
NCU-268841452,NCU_268841452,0,0.0,0,,,,,,,,,(NCU stub — use NTU skeleton at runtime),,,
通訊系,NCU_268841453,0,0.0,0,,,,,,,,,(NCU stub — use NTU skeleton at runtime),,,
電機系,NCU_268841454,0,0.0,0,,,,,,,,,(NCU stub — use NTU skeleton at runtime),,,
資策會,NCU_268841455,0,0.0,0,,,,,,,,,(NCU stub — use NTU skeleton at runtime),,,
依仁堂,NCU_268841456,8640,184.598,8640,,,,,,,,,(NCU stub — use NTU skeleton at runtime),,,
女二舍,NCU_268843079,8640,69.456,8640,,,,,,,,,(NCU stub — use NTU skeleton at runtime),,,
女四舍,NCU_268843080,7200,145.585,7200,,,,,,,,,(NCU stub — use NTU skeleton at runtime),,,
女三舍,NCU_268843081,8640,43.637,8640,,,,,,,,,(NCU stub — use NTU skeleton at runtime),,,
女一舍,NCU_268843082,8640,36.949,8640,,,,,,,,,(NCU stub — use NTU skeleton at runtime),,,
人文社會科學大樓,NCU_268845976,7200,27.268,7200,,,,,,,,,(NCU stub — use NTU skeleton at runtime),,,
NCU-268845987,NCU_268845987,0,0.0,0,,,,,,,,,(NCU stub — use NTU skeleton at runtime),,,
科五館(S5),NCU_268846328,7920,239.524,7920,,,,,,,,,(NCU stub — use NTU skeleton at runtime),,,
理學院教學館(普化實驗大樓),NCU_268846329,0,0.0,0,,,,,,,,,(NCU stub — use NTU skeleton at runtime),,,
科三館,NCU_268846332,5040,93.14,5040,,,,,,,,,(NCU stub — use NTU skeleton at runtime),,,
NCU-268846333,NCU_268846333,0,0.0,0,,,,,,,,,(NCU stub — use NTU skeleton at runtime),,,
國鼎圖書資料館,NCU_268851049,7200,76.693,7200,,,,,,,,,(NCU stub — use NTU skeleton at runtime),,,
實習一廠,NCU_268851920,6480,23.519,6480,,,,,,,,,(NCU stub — use NTU skeleton at runtime),,,
NCU-268851921,NCU_268851921,0,0.0,0,,,,,,,,,(NCU stub — use NTU skeleton at runtime),,,
NCU-268851922,NCU_268851922,0,0.0,0,,,,,,,,,(NCU stub — use NTU skeleton at runtime),,,
NCU-268851923,NCU_268851923,0,0.0,0,,,,,,,,,(NCU stub — use NTU skeleton at runtime),,,
NCU-268852724,NCU_268852724,0,0.0,0,,,,,,,,,(NCU stub — use NTU skeleton at runtime),,,
NCU-268852725,NCU_268852725,0,0.0,0,,,,,,,,,(NCU stub — use NTU skeleton at runtime),,,
NCU-268852726,NCU_268852726,0,0.0,0,,,,,,,,,(NCU stub — use NTU skeleton at runtime),,,
NCU-268852727,NCU_268852727,0,0.0,0,,,,,,,,,(NCU stub — use NTU skeleton at runtime),,,
NCU-268852728,NCU_268852728,0,0.0,0,,,,,,,,,(NCU stub — use NTU skeleton at runtime),,,
NCU-268852729,NCU_268852729,0,0.0,0,,,,,,,,,(NCU stub — use NTU skeleton at runtime),,,
NCU-268852730,NCU_268852730,0,0.0,0,,,,,,,,,(NCU stub — use NTU skeleton at runtime),,,
NCU-268852731,NCU_268852731,0,0.0,0,,,,,,,,,(NCU stub — use NTU skeleton at runtime),,,
NCU-268852732,NCU_268852732,0,0.0,0,,,,,,,,,(NCU stub — use NTU skeleton at runtime),,,
NCU-269122190,NCU_269122190,0,0.0,0,,,,,,,,,(NCU stub — use NTU skeleton at runtime),,,
NCU-269122194,NCU_269122194,0,0.0,0,,,,,,,,,(NCU stub — use NTU skeleton at runtime),,,
NCU-269122195,NCU_269122195,0,0.0,0,,,,,,,,,(NCU stub — use NTU skeleton at runtime),,,
NCU-269122196,NCU_269122196,0,0.0,0,,,,,,,,,(NCU stub — use NTU skeleton at runtime),,,
NCU-269122197,NCU_269122197,0,0.0,0,,,,,,,,,(NCU stub — use NTU skeleton at runtime),,,
NCU-269122198,NCU_269122198,0,0.0,0,,,,,,,,,(NCU stub — use NTU skeleton at runtime),,,
NCU-269122199,NCU_269122199,0,0.0,0,,,,,,,,,(NCU stub — use NTU skeleton at runtime),,,
NCU-269122200,NCU_269122200,0,0.0,0,,,,,,,,,(NCU stub — use NTU skeleton at runtime),,,
NCU-269122201,NCU_269122201,0,0.0,0,,,,,,,,,(NCU stub — use NTU skeleton at runtime),,,
NCU-269122202,NCU_269122202,0,0.0,0,,,,,,,,,(NCU stub — use NTU skeleton at runtime),,,
NCU-269122203,NCU_269122203,0,0.0,0,,,,,,,,,(NCU stub — use NTU skeleton at runtime),,,
NCU-269122204,NCU_269122204,0,0.0,0,,,,,,,,,(NCU stub — use NTU skeleton at runtime),,,
NCU-269122205,NCU_269122205,0,0.0,0,,,,,,,,,(NCU stub — use NTU skeleton at runtime),,,
單一舍,NCU_269122545,6480,3.98,6480,,,,,,,,,(NCU stub — use NTU skeleton at runtime),,,
單二舍,NCU_269122546,8640,22.523,8640,,,,,,,,,(NCU stub — use NTU skeleton at runtime),,,
松果館(育成中心),NCU_269122547,0,0.0,0,,,,,,,,,(NCU stub — use NTU skeleton at runtime),,,
單四舍,NCU_269122548,8640,3.164,8640,,,,,,,,,(NCU stub — use NTU skeleton at runtime),,,
NCU-269122549,NCU_269122549,0,0.0,0,,,,,,,,,(NCU stub — use NTU skeleton at runtime),,,
NCU-269122550,NCU_269122550,0,0.0,0,,,,,,,,,(NCU stub — use NTU skeleton at runtime),,,
NCU-269122551,NCU_269122551,0,0.0,0,,,,,,,,,(NCU stub — use NTU skeleton at runtime),,,
NCU-269122609,NCU_269122609,0,0.0,0,,,,,,,,,(NCU stub — use NTU skeleton at runtime),,,
NCU-269122610,NCU_269122610,0,0.0,0,,,,,,,,,(NCU stub — use NTU skeleton at runtime),,,
NCU-269122611,NCU_269122611,0,0.0,0,,,,,,,,,(NCU stub — use NTU skeleton at runtime),,,
行政大樓,NCU_270806669,4320,46.194,4320,,,,,,,,,(NCU stub — use NTU skeleton at runtime),,,
車庫,NCU_270806670,6480,0.0,6480,,,,,,,,,(NCU stub — use NTU skeleton at runtime),,,
資源回收及垃圾處理場,NCU_270806671,0,0.0,0,,,,,,,,,(NCU stub — use NTU skeleton at runtime),,,
校長宿舍,NCU_270954441,0,0.0,0,,,,,,,,,(NCU stub — use NTU skeleton at runtime),,,
打啵,NCU_566172504,0,0.0,0,,,,,,,,,(NCU stub — use NTU skeleton at runtime),,,
中大幼稚園,NCU_678329043,0,0.0,0,,,,,,,,,(NCU stub — use NTU skeleton at runtime),,,
教學研究綜合大樓,NCU_996613836,4320,70.434,4320,,,,,,,,,(NCU stub — use NTU skeleton at runtime),,,
大禮堂,NCU_996613837,0,0.0,0,,,,,,,,,(NCU stub — use NTU skeleton at runtime),,,
中大國民運動中心,NCU_1041679633,0,0.0,0,,,,,,,,,(NCU stub — use NTU skeleton at runtime),,,
NCU-1078713592,NCU_1078713592,0,0.0,0,,,,,,,,,(NCU stub — use NTU skeleton at runtime),,,
NCU-1309326913,NCU_1309326913,0,0.0,0,,,,,,,,,(NCU stub — use NTU skeleton at runtime),,,
NCU-1309326914,NCU_1309326914,0,0.0,0,,,,,,,,,(NCU stub — use NTU skeleton at runtime),,,
NCU-1309326915,NCU_1309326915,0,0.0,0,,,,,,,,,(NCU stub — use NTU skeleton at runtime),,,
NCU-1309326916,NCU_1309326916,0,0.0,0,,,,,,,,,(NCU stub — use NTU skeleton at runtime),,,
NCU-1309326917,NCU_1309326917,0,0.0,0,,,,,,,,,(NCU stub — use NTU skeleton at runtime),,,
NCU-1309326935,NCU_1309326935,0,0.0,0,,,,,,,,,(NCU stub — use NTU skeleton at runtime),,,
NCU-1309326936,NCU_1309326936,0,0.0,0,,,,,,,,,(NCU stub — use NTU skeleton at runtime),,,
NCU-1309326937,NCU_1309326937,0,0.0,0,,,,,,,,,(NCU stub — use NTU skeleton at runtime),,,
NCU-1309326938,NCU_1309326938,0,0.0,0,,,,,,,,,(NCU stub — use NTU skeleton at runtime),,,
NCU-1309326941,NCU_1309326941,0,0.0,0,,,,,,,,,(NCU stub — use NTU skeleton at runtime),,,
NCU-1309326942,NCU_1309326942,0,0.0,0,,,,,,,,,(NCU stub — use NTU skeleton at runtime),,,
NCU-1309326943,NCU_1309326943,0,0.0,0,,,,,,,,,(NCU stub — use NTU skeleton at runtime),,,
NCU-1309326944,NCU_1309326944,0,0.0,0,,,,,,,,,(NCU stub — use NTU skeleton at runtime),,,
NCU-1309326952,NCU_1309326952,0,0.0,0,,,,,,,,,(NCU stub — use NTU skeleton at runtime),,,
NCU-1309326953,NCU_1309326953,0,0.0,0,,,,,,,,,(NCU stub — use NTU skeleton at runtime),,,
NCU-1309326954,NCU_1309326954,0,0.0,0,,,,,,,,,(NCU stub — use NTU skeleton at runtime),,,
NCU-1309326955,NCU_1309326955,0,0.0,0,,,,,,,,,(NCU stub — use NTU skeleton at runtime),,,
NCU-1309326956,NCU_1309326956,0,0.0,0,,,,,,,,,(NCU stub — use NTU skeleton at runtime),,,
NCU-1309346996,NCU_1309346996,0,0.0,0,,,,,,,,,(NCU stub — use NTU skeleton at runtime),,,
NCU-1309346997,NCU_1309346997,0,0.0,0,,,,,,,,,(NCU stub — use NTU skeleton at runtime),,,
NCU-1309346998,NCU_1309346998,0,0.0,0,,,,,,,,,(NCU stub — use NTU skeleton at runtime),,,
NCU-1309347002,NCU_1309347002,0,0.0,0,,,,,,,,,(NCU stub — use NTU skeleton at runtime),,,
NCU-1309347005,NCU_1309347005,0,0.0,0,,,,,,,,,(NCU stub — use NTU skeleton at runtime),,,
NCU-1309347006,NCU_1309347006,0,0.0,0,,,,,,,,,(NCU stub — use NTU skeleton at runtime),,,
NCU-1309347007,NCU_1309347007,0,0.0,0,,,,,,,,,(NCU stub — use NTU skeleton at runtime),,,
NCU-1309347008,NCU_1309347008,0,0.0,0,,,,,,,,,(NCU stub — use NTU skeleton at runtime),,,
工程三館(機械館),NCU_6576312,5760,96.702,5760,,,,,,,,,(NCU stub — use NTU skeleton at runtime),,,
曦望居,NCU_8244873,8640,114.596,8640,,,,,,,,,(NCU stub — use NTU skeleton at runtime),,,
地下水1號水塔,NCU_9000000001,8640,6.691,8640,,,,,,,,,(NCU stub — use NTU skeleton at runtime),,,
地下水4號水塔,NCU_9000000002,8640,3.551,8640,,,,,,,,,(NCU stub — use NTU skeleton at runtime),,,
大氣環境實驗室,NCU_9000000004,8640,10.417,8640,,,,,,,,,(NCU stub — use NTU skeleton at runtime),,,
太空遙測中心,NCU_9000000005,2880,109.486,2880,,,,,,,,,(NCU stub — use NTU skeleton at runtime),,,
學生男六宿舍,NCU_9000000006,5040,21.251,5040,,,,,,,,,(NCU stub — use NTU skeleton at runtime),,,
學生男十三宿舍，七9h20,NCU_9000000007,2160,48.171,2160,,,,,,,,,(NCU stub — use NTU skeleton at runtime),,,
工五館(A、B棟),NCU_9000000008,23040,149.017,23040,,,,,,,,,(NCU stub — use NTU skeleton at runtime),,,
氣象觀測站,NCU_9000000012,7200,12.118,7200,,,,,,,,,(NCU stub — use NTU skeleton at runtime),,,
科一館,NCU_9000000014,8640,239.508,8640,,,,,,,,,(NCU stub — use NTU skeleton at runtime),,,
第1水塔,NCU_9000000015,7920,4.028,7920,,,,,,,,,(NCU stub — use NTU skeleton at runtime),,,
自來水3號水塔,NCU_9000000016,7920,29.096,7920,,,,,,,,,(NCU stub — use NTU skeleton at runtime),,,
雪楼能,NCU_9000000017,8640,38.662,8640,,,,,,,,,(NCU stub — use NTU skeleton at runtime),,,
雷達站,NCU_9000000018,8640,6.671,8640,,,,,,,,,(NCU stub — use NTU skeleton at runtime),,,
工四館一期(環化館),NCU_268561422,2880,52.095,2880,,,,,,,,,(NCU stub — use NTU skeleton at runtime),,,
機電實驗室,NCU_9000000021,7200,44.375,7200,,,,,,,,,(NCU stub — use NTU skeleton at runtime),,,
風洞實驗室及品保中心,NCU_9000000022,8640,45.618,8640,,,,,,,,,(NCU stub — use NTU skeleton at runtime),,,
科思創研究中心,NCU_9000000023,8640,55.023,8640,,,,,,,,,(NCU stub — use NTU skeleton at runtime),,,
研究中心大樓二期,NCU_9000000024,8640,83.542,8640,,,,,,,,,(NCU stub — use NTU skeleton at runtime),,,
游泳池,NCU_9000000025,0,0.0,0,,,,,,,,,(NCU stub — use NTU skeleton at runtime),,,
垃圾集中處理場,NCU_9000000003,8640,5.0,8640,,,,,,,,,(NCU stub — use NTU skeleton at runtime),,,
產學營運中心,NCU_9000000013,8640,21.975,8640,,,,,,,,,(NCU stub — use NTU skeleton at runtime),,,
電機館,NCU_9000000019,8640,52.796,8640,,,,,,,,,(NCU stub — use NTU skeleton at runtime),,,
