uid,address,addressE,area,footprint_m2,basement,code,doorplate,floor,floors,gid,name,nameE,num,year,buildId,buildType1C,buildType1E,buildType2C,buildType2E,tel,url,has_actual_kwh,annual_actual_kwh
NCU_202690673,320317 桃園市中壢區中大路300號,"No. 300, Zhongda Rd., Zhongli District, Taoyuan City 320317, Taiwan (R.O.C.)",601.2,601.2,0,,,1,1,202690673,男三舍,,,0,NCU_202690673,宿舍,Dormitories,,,,https://www.ncu.edu.tw,1,195720.0
NCU_202690841,320317 桃園市中壢區中大路300號,"No. 300, Zhongda Rd., Zhongli District, Taoyuan City 320317, Taiwan (R.O.C.)",12986.3,2597.3,0,,,5,5,202690841,國鼎光電大樓,,,0,NCU_202690841,學術單位,Academic Units,,,,https://www.ncu.edu.tw,1,2555238.0
NCU_202691135,320317 桃園市中壢區中大路300號,"No. 300, Zhongda Rd., Zhongli District, Taoyuan City 320317, Taiwan (R.O.C.)",20822.8,1735.2,0,,,12,12,202691135,科學四館,,,0,NCU_202691135,學術單位,Academic Units,,,,https://www.ncu.edu.tw,1,3616572.0
NCU_202691136,320317 桃園市中壢區中大路300號,"No. 300, Zhongda Rd., Zhongli District, Taoyuan City 320317, Taiwan (R.O.C.)",2703.5,901.2,0,,,3,3,202691136,科學二館(理學院大樓),,,0,NCU_202691136,學術單位,Academic Units,,,,https://www.ncu.edu.tw,1,2763611.0
NCU_202691227,320317 桃園市中壢區中大路300號,"No. 300, Zhongda Rd., Zhongli District, Taoyuan City 320317, Taiwan (R.O.C.)",2190.7,2190.7,0,,,1,1,202691227,文學二館,,,0,NCU_202691227,學術單位,Academic Units,,,,https://www.ncu.edu.tw,1,207365.0
NCU_202691228,320317 桃園市中壢區中大路300號,"No. 300, Zhongda Rd., Zhongli District, Taoyuan City 320317, Taiwan (R.O.C.)",3155.8,3155.8,0,,,1,1,202691228,文學一館,,,0,NCU_202691228,學術單位,Academic Units,,,,https://www.ncu.edu.tw,1,62743.0
NCU_202805154,320317 桃園市中壢區中大路300號,"No. 300, Zhongda Rd., Zhongli District, Taoyuan City 320317, Taiwan (R.O.C.)",4817.1,1605.7,0,,,3,3,202805154,羽球館,,,0,NCU_202805154,運動設施,Athletics,,,,https://www.ncu.edu.tw,0,0.0
NCU_202805379,320317 桃園市中壢區中大路300號,"No. 300, Zhongda Rd., Zhongli District, Taoyuan City 320317, Taiwan (R.O.C.)",877.7,877.7,0,,,1,1,202805379,iHouse享想空間,,,0,NCU_202805379,活動中心,Student AC,,,,https://www.ncu.edu.tw,1,120928.0
NCU_202805783,320317 桃園市中壢區中大路300號,"No. 300, Zhongda Rd., Zhongli District, Taoyuan City 320317, Taiwan (R.O.C.)",1680.8,1680.8,0,,,1,1,202805783,男九舍,,,0,NCU_202805783,宿舍,Dormitories,,,,https://www.ncu.edu.tw,1,404579.0
NCU_202805788,320317 桃園市中壢區中大路300號,"No. 300, Zhongda Rd., Zhongli District, Taoyuan City 320317, Taiwan (R.O.C.)",21865.3,2429.5,0,,,9,9,202805788,女十四舍,,,0,NCU_202805788,宿舍,Dormitories,,,,https://www.ncu.edu.tw,1,970389.0
NCU_202805967,320317 桃園市中壢區中大路300號,"No. 300, Zhongda Rd., Zhongli District, Taoyuan City 320317, Taiwan (R.O.C.)",1718.2,859.1,0,,,2,2,202805967,中大會館,,,0,NCU_202805967,宿舍,Dormitories,,,,https://www.ncu.edu.tw,1,740426.0
NCU_202805968,320317 桃園市中壢區中大路300號,"No. 300, Zhongda Rd., Zhongli District, Taoyuan City 320317, Taiwan (R.O.C.)",4963.7,1240.9,0,,,4,4,202805968,鴻經館,,,0,NCU_202805968,學術單位,Academic Units,,,,https://www.ncu.edu.tw,1,199696.0
NCU_202805970,320317 桃園市中壢區中大路300號,"No. 300, Zhongda Rd., Zhongli District, Taoyuan City 320317, Taiwan (R.O.C.)",24002.5,2666.9,0,,,9,9,202805970,管理學院二館,,,0,NCU_202805970,學術單位,Academic Units,,,,https://www.ncu.edu.tw,1,1039767.0
NCU_202806028,320317 桃園市中壢區中大路300號,"No. 300, Zhongda Rd., Zhongli District, Taoyuan City 320317, Taiwan (R.O.C.)",5673.3,1891.1,0,,,3,3,202806028,綜教館(語言中心),,,0,NCU_202806028,學術單位,Academic Units,,,,https://www.ncu.edu.tw,1,1019884.0
NCU_202806291,320317 桃園市中壢區中大路300號,"No. 300, Zhongda Rd., Zhongli District, Taoyuan City 320317, Taiwan (R.O.C.)",520.6,260.3,0,,,2,2,202806291,體育器材室,,,0,NCU_202806291,運動設施,Athletics,,,,https://www.ncu.edu.tw,0,0.0
NCU_202806571,320317 桃園市中壢區中大路300號,"No. 300, Zhongda Rd., Zhongli District, Taoyuan City 320317, Taiwan (R.O.C.)",3719.8,3719.8,0,,,1,1,202806571,第二行政中心,,,0,NCU_202806571,行政,Administration,,,,https://www.ncu.edu.tw,0,0.0
NCU_202806573,320317 桃園市中壢區中大路300號,"No. 300, Zhongda Rd., Zhongli District, Taoyuan City 320317, Taiwan (R.O.C.)",12675.0,1584.4,0,,,8,8,202806573,總圖書館,,,0,NCU_202806573,圖書館,Library,,,,https://www.ncu.edu.tw,1,689039.0
NCU_217833431,320317 桃園市中壢區中大路300號,"No. 300, Zhongda Rd., Zhongli District, Taoyuan City 320317, Taiwan (R.O.C.)",13568.2,1938.3,0,,,7,7,217833431,志希館,,,0,NCU_217833431,學術單位,Academic Units,,,,https://www.ncu.edu.tw,1,1876008.0
NCU_264560214,320317 桃園市中壢區中大路300號,"No. 300, Zhongda Rd., Zhongli District, Taoyuan City 320317, Taiwan (R.O.C.)",21631.2,2703.9,0,,,8,8,264560214,男13舍,,,0,NCU_264560214,宿舍,Dormitories,,,,https://www.ncu.edu.tw,1,305054.0
NCU_268560615,320317 桃園市中壢區中大路300號,"No. 300, Zhongda Rd., Zhongli District, Taoyuan City 320317, Taiwan (R.O.C.)",3433.5,1716.8,0,,,2,2,268560615,地球科學院,,,0,NCU_268560615,學術單位,Academic Units,,,,https://www.ncu.edu.tw,0,0.0
NCU_268560616,320317 桃園市中壢區中大路300號,"No. 300, Zhongda Rd., Zhongli District, Taoyuan City 320317, Taiwan (R.O.C.)",3152.9,1576.4,0,,,2,2,268560616,地球科學院,,,0,NCU_268560616,學術單位,Academic Units,,,,https://www.ncu.edu.tw,0,0.0
NCU_268561417,320317 桃園市中壢區中大路300號,"No. 300, Zhongda Rd., Zhongli District, Taoyuan City 320317, Taiwan (R.O.C.)",946.7,946.7,0,,,1,1,268561417,男十一舍,,,0,NCU_268561417,宿舍,Dormitories,,,,https://www.ncu.edu.tw,1,532538.0
NCU_268561418,320317 桃園市中壢區中大路300號,"No. 300, Zhongda Rd., Zhongli District, Taoyuan City 320317, Taiwan (R.O.C.)",759.0,759.0,0,,,1,1,268561418,志道樓,,,0,NCU_268561418,學術單位,Academic Units,,,,https://www.ncu.edu.tw,1,45680.0
NCU_268561421,320317 桃園市中壢區中大路300號,"No. 300, Zhongda Rd., Zhongli District, Taoyuan City 320317, Taiwan (R.O.C.)",18836.7,2691.0,0,,,7,7,268561421,客家學院,,,0,NCU_268561421,學術單位,Academic Units,,,,https://www.ncu.edu.tw,0,0.0
NCU_268561932,320317 桃園市中壢區中大路300號,"No. 300, Zhongda Rd., Zhongli District, Taoyuan City 320317, Taiwan (R.O.C.)",769.9,769.9,0,,,1,1,268561932,土木品保中心,,,0,NCU_268561932,學術單位,Academic Units,,,,https://www.ncu.edu.tw,0,0.0
NCU_268561934,320317 桃園市中壢區中大路300號,"No. 300, Zhongda Rd., Zhongli District, Taoyuan City 320317, Taiwan (R.O.C.)",10493.6,5246.8,0,,,2,2,268561934,大型力學實驗室,,,0,NCU_268561934,學術單位,Academic Units,,,,https://www.ncu.edu.tw,1,7236.0
NCU_268561936,320317 桃園市中壢區中大路300號,"No. 300, Zhongda Rd., Zhongli District, Taoyuan City 320317, Taiwan (R.O.C.)",1343.1,671.6,0,,,2,2,268561936,松苑餐廳,,,0,NCU_268561936,學術單位,Academic Units,,,,https://www.ncu.edu.tw,1,1328439.0
NCU_268824430,320317 桃園市中壢區中大路300號,"No. 300, Zhongda Rd., Zhongli District, Taoyuan City 320317, Taiwan (R.O.C.)",4424.7,1106.2,0,,,4,4,268824430,男七舍,,,0,NCU_268824430,宿舍,Dormitories,,,,https://www.ncu.edu.tw,0,0.0
NCU_268824431,320317 桃園市中壢區中大路300號,"No. 300, Zhongda Rd., Zhongli District, Taoyuan City 320317, Taiwan (R.O.C.)",140.4,46.8,0,,,3,3,268824431,學生男七宿舍,,,0,NCU_268824431,宿舍,Dormitories,,,,https://www.ncu.edu.tw,1,85532.0
NCU_268824432,320317 桃園市中壢區中大路300號,"No. 300, Zhongda Rd., Zhongli District, Taoyuan City 320317, Taiwan (R.O.C.)",3519.6,879.9,0,,,4,4,268824432,男六舍,,,0,NCU_268824432,宿舍,Dormitories,,,,https://www.ncu.edu.tw,1,440856.0
NCU_268824433,320317 桃園市中壢區中大路300號,"No. 300, Zhongda Rd., Zhongli District, Taoyuan City 320317, Taiwan (R.O.C.)",3963.8,1321.3,0,,,3,3,268824433,遊藝館,,,0,NCU_268824433,學術單位,Academic Units,,,,https://www.ncu.edu.tw,1,25240.0
NCU_268824890,320317 桃園市中壢區中大路300號,"No. 300, Zhongda Rd., Zhongli District, Taoyuan City 320317, Taiwan (R.O.C.)",2719.3,1359.6,0,,,2,2,268824890,大講堂,,,0,NCU_268824890,學術單位,Academic Units,,,,https://www.ncu.edu.tw,1,135135.0
NCU_268824891,320317 桃園市中壢區中大路300號,"No. 300, Zhongda Rd., Zhongli District, Taoyuan City 320317, Taiwan (R.O.C.)",801.1,267.0,0,,,3,3,268824891,高壓變電站,,,0,NCU_268824891,學術單位,Academic Units,,,,https://www.ncu.edu.tw,0,0.0
NCU_268824892,320317 桃園市中壢區中大路300號,"No. 300, Zhongda Rd., Zhongli District, Taoyuan City 320317, Taiwan (R.O.C.)",737.3,737.3,0,,,1,1,268824892,男十二舍,,,0,NCU_268824892,宿舍,Dormitories,,,,https://www.ncu.edu.tw,1,856171.0
NCU_268840856,320317 桃園市中壢區中大路300號,"No. 300, Zhongda Rd., Zhongli District, Taoyuan City 320317, Taiwan (R.O.C.)",4348.9,1449.6,0,,,3,3,268840856,國際學生宿舍,,,0,NCU_268840856,宿舍,Dormitories,,,,https://www.ncu.edu.tw,1,128796.0
NCU_268840857,320317 桃園市中壢區中大路300號,"No. 300, Zhongda Rd., Zhongli District, Taoyuan City 320317, Taiwan (R.O.C.)",2050.7,683.6,0,,,3,3,268840857,男五舍,,,0,NCU_268840857,宿舍,Dormitories,,,,https://www.ncu.edu.tw,1,1076999.0
NCU_268840858,320317 桃園市中壢區中大路300號,"No. 300, Zhongda Rd., Zhongli District, Taoyuan City 320317, Taiwan (R.O.C.)",2199.8,733.3,0,,,3,3,268840858,據德樓,,,0,NCU_268840858,學術單位,Academic Units,,,,https://www.ncu.edu.tw,1,20240.0
NCU_268841451,320317 桃園市中壢區中大路300號,"No. 300, Zhongda Rd., Zhongli District, Taoyuan City 320317, Taiwan (R.O.C.)",13867.7,4622.6,0,,,3,3,268841451,工程一館,,,0,NCU_268841451,學術單位,Academic Units,,,,https://www.ncu.edu.tw,1,681006.0
NCU_268841452,320317 桃園市中壢區中大路300號,"No. 300, Zhongda Rd., Zhongli District, Taoyuan City 320317, Taiwan (R.O.C.)",1555.5,518.5,0,,,3,3,268841452,NCU-268841452,,,0,NCU_268841452,學術單位,Academic Units,,,,https://www.ncu.edu.tw,0,0.0
NCU_268841453,320317 桃園市中壢區中大路300號,"No. 300, Zhongda Rd., Zhongli District, Taoyuan City 320317, Taiwan (R.O.C.)",6961.3,2320.4,0,,,3,3,268841453,通訊系,,,0,NCU_268841453,學術單位,Academic Units,,,,https://www.ncu.edu.tw,0,0.0
NCU_268841454,320317 桃園市中壢區中大路300號,"No. 300, Zhongda Rd., Zhongli District, Taoyuan City 320317, Taiwan (R.O.C.)",5458.8,1819.6,0,,,3,3,268841454,電機系,,,0,NCU_268841454,學術單位,Academic Units,,,,https://www.ncu.edu.tw,0,0.0
NCU_268841455,320317 桃園市中壢區中大路300號,"No. 300, Zhongda Rd., Zhongli District, Taoyuan City 320317, Taiwan (R.O.C.)",2489.9,830.0,0,,,3,3,268841455,資策會,,,0,NCU_268841455,學術單位,Academic Units,,,,https://www.ncu.edu.tw,0,0.0
NCU_268841456,320317 桃園市中壢區中大路300號,"No. 300, Zhongda Rd., Zhongli District, Taoyuan City 320317, Taiwan (R.O.C.)",6523.2,6523.2,0,,,1,1,268841456,依仁堂,,,0,NCU_268841456,運動設施,Athletics,,,,https://www.ncu.edu.tw,1,1594930.0
NCU_268843079,320317 桃園市中壢區中大路300號,"No. 300, Zhongda Rd., Zhongli District, Taoyuan City 320317, Taiwan (R.O.C.)",770.0,770.0,0,,,1,1,268843079,女二舍,,,0,NCU_268843079,宿舍,Dormitories,,,,https://www.ncu.edu.tw,1,600103.0
NCU_268843080,320317 桃園市中壢區中大路300號,"No. 300, Zhongda Rd., Zhongli District, Taoyuan City 320317, Taiwan (R.O.C.)",611.7,611.7,0,,,1,1,268843080,女四舍,,,0,NCU_268843080,宿舍,Dormitories,,,,https://www.ncu.edu.tw,1,1048209.0
NCU_268843081,320317 桃園市中壢區中大路300號,"No. 300, Zhongda Rd., Zhongli District, Taoyuan City 320317, Taiwan (R.O.C.)",447.2,447.2,0,,,1,1,268843081,女三舍,,,0,NCU_268843081,宿舍,Dormitories,,,,https://www.ncu.edu.tw,1,377027.0
NCU_268843082,320317 桃園市中壢區中大路300號,"No. 300, Zhongda Rd., Zhongli District, Taoyuan City 320317, Taiwan (R.O.C.)",621.3,621.3,0,,,1,1,268843082,女一舍,,,0,NCU_268843082,宿舍,Dormitories,,,,https://www.ncu.edu.tw,1,319237.0
NCU_268845976,320317 桃園市中壢區中大路300號,"No. 300, Zhongda Rd., Zhongli District, Taoyuan City 320317, Taiwan (R.O.C.)",4594.6,1531.5,0,,,3,3,268845976,人文社會科學大樓,,,0,NCU_268845976,學術單位,Academic Units,,,,https://www.ncu.edu.tw,1,196327.0
NCU_268845987,320317 桃園市中壢區中大路300號,"No. 300, Zhongda Rd., Zhongli District, Taoyuan City 320317, Taiwan (R.O.C.)",846.5,282.2,0,,,3,3,268845987,NCU-268845987,,,0,NCU_268845987,學術單位,Academic Units,,,,https://www.ncu.edu.tw,0,0.0
NCU_268846328,320317 桃園市中壢區中大路300號,"No. 300, Zhongda Rd., Zhongli District, Taoyuan City 320317, Taiwan (R.O.C.)",8474.3,1210.6,0,,,7,7,268846328,科五館(S5),,,0,NCU_268846328,學術單位,Academic Units,,,,https://www.ncu.edu.tw,1,1897028.0
NCU_268846329,320317 桃園市中壢區中大路300號,"No. 300, Zhongda Rd., Zhongli District, Taoyuan City 320317, Taiwan (R.O.C.)",4373.1,624.7,0,,,7,7,268846329,理學院教學館(普化實驗大樓),,,0,NCU_268846329,學術單位,Academic Units,,,,https://www.ncu.edu.tw,0,0.0
NCU_268846332,320317 桃園市中壢區中大路300號,"No. 300, Zhongda Rd., Zhongli District, Taoyuan City 320317, Taiwan (R.O.C.)",3909.5,977.4,0,,,4,4,268846332,科三館,,,0,NCU_268846332,學術單位,Academic Units,,,,https://www.ncu.edu.tw,1,469427.0
NCU_268846333,320317 桃園市中壢區中大路300號,"No. 300, Zhongda Rd., Zhongli District, Taoyuan City 320317, Taiwan (R.O.C.)",117.0,39.0,0,,,3,3,268846333,NCU-268846333,,,0,NCU_268846333,學術單位,Academic Units,,,,https://www.ncu.edu.tw,0,0.0
NCU_268851049,320317 桃園市中壢區中大路300號,"No. 300, Zhongda Rd., Zhongli District, Taoyuan City 320317, Taiwan (R.O.C.)",1932.2,644.1,0,,,3,3,268851049,國鼎圖書資料館,,,0,NCU_268851049,圖書館,Library,,,,https://www.ncu.edu.tw,1,552191.0
NCU_268851920,320317 桃園市中壢區中大路300號,"No. 300, Zhongda Rd., Zhongli District, Taoyuan City 320317, Taiwan (R.O.C.)",1449.3,724.6,0,,,2,2,268851920,實習一廠,,,0,NCU_268851920,學術單位,Academic Units,,,,https://www.ncu.edu.tw,1,152400.0
NCU_268851921,320317 桃園市中壢區中大路300號,"No. 300, Zhongda Rd., Zhongli District, Taoyuan City 320317, Taiwan (R.O.C.)",1768.6,589.5,0,,,3,3,268851921,NCU-268851921,,,0,NCU_268851921,其他,Others,,,,https://www.ncu.edu.tw,0,0.0
NCU_268851922,320317 桃園市中壢區中大路300號,"No. 300, Zhongda Rd., Zhongli District, Taoyuan City 320317, Taiwan (R.O.C.)",1682.1,560.7,0,,,3,3,268851922,NCU-268851922,,,0,NCU_268851922,其他,Others,,,,https://www.ncu.edu.tw,0,0.0
NCU_268851923,320317 桃園市中壢區中大路300號,"No. 300, Zhongda Rd., Zhongli District, Taoyuan City 320317, Taiwan (R.O.C.)",1639.1,546.4,0,,,3,3,268851923,NCU-268851923,,,0,NCU_268851923,其他,Others,,,,https://www.ncu.edu.tw,0,0.0
NCU_268852724,320317 桃園市中壢區中大路300號,"No. 300, Zhongda Rd., Zhongli District, Taoyuan City 320317, Taiwan (R.O.C.)",672.2,224.1,0,,,3,3,268852724,NCU-268852724,,,0,NCU_268852724,其他,Others,,,,https://www.ncu.edu.tw,0,0.0
NCU_268852725,320317 桃園市中壢區中大路300號,"No. 300, Zhongda Rd., Zhongli District, Taoyuan City 320317, Taiwan (R.O.C.)",617.6,205.9,0,,,3,3,268852725,NCU-268852725,,,0,NCU_268852725,其他,Others,,,,https://www.ncu.edu.tw,0,0.0
NCU_268852726,320317 桃園市中壢區中大路300號,"No. 300, Zhongda Rd., Zhongli District, Taoyuan City 320317, Taiwan (R.O.C.)",572.8,190.9,0,,,3,3,268852726,NCU-268852726,,,0,NCU_268852726,其他,Others,,,,https://www.ncu.edu.tw,0,0.0
NCU_268852727,320317 桃園市中壢區中大路300號,"No. 300, Zhongda Rd., Zhongli District, Taoyuan City 320317, Taiwan (R.O.C.)",680.4,226.8,0,,,3,3,268852727,NCU-268852727,,,0,NCU_268852727,其他,Others,,,,https://www.ncu.edu.tw,0,0.0
NCU_268852728,320317 桃園市中壢區中大路300號,"No. 300, Zhongda Rd., Zhongli District, Taoyuan City 320317, Taiwan (R.O.C.)",594.3,198.1,0,,,3,3,268852728,NCU-268852728,,,0,NCU_268852728,其他,Others,,,,https://www.ncu.edu.tw,0,0.0
NCU_268852729,320317 桃園市中壢區中大路300號,"No. 300, Zhongda Rd., Zhongli District, Taoyuan City 320317, Taiwan (R.O.C.)",313.6,104.5,0,,,3,3,268852729,NCU-268852729,,,0,NCU_268852729,其他,Others,,,,https://www.ncu.edu.tw,0,0.0
NCU_268852730,320317 桃園市中壢區中大路300號,"No. 300, Zhongda Rd., Zhongli District, Taoyuan City 320317, Taiwan (R.O.C.)",314.5,104.8,0,,,3,3,268852730,NCU-268852730,,,0,NCU_268852730,其他,Others,,,,https://www.ncu.edu.tw,0,0.0
NCU_268852731,320317 桃園市中壢區中大路300號,"No. 300, Zhongda Rd., Zhongli District, Taoyuan City 320317, Taiwan (R.O.C.)",356.9,119.0,0,,,3,3,268852731,NCU-268852731,,,0,NCU_268852731,其他,Others,,,,https://www.ncu.edu.tw,0,0.0
NCU_268852732,320317 桃園市中壢區中大路300號,"No. 300, Zhongda Rd., Zhongli District, Taoyuan City 320317, Taiwan (R.O.C.)",518.1,172.7,0,,,3,3,268852732,NCU-268852732,,,0,NCU_268852732,其他,Others,,,,https://www.ncu.edu.tw,0,0.0
NCU_269122190,320317 桃園市中壢區中大路300號,"No. 300, Zhongda Rd., Zhongli District, Taoyuan City 320317, Taiwan (R.O.C.)",290.5,96.8,0,,,3,3,269122190,NCU-269122190,,,0,NCU_269122190,其他,Others,,,,https://www.ncu.edu.tw,0,0.0
NCU_269122194,320317 桃園市中壢區中大路300號,"No. 300, Zhongda Rd., Zhongli District, Taoyuan City 320317, Taiwan (R.O.C.)",241.0,80.3,0,,,3,3,269122194,NCU-269122194,,,0,NCU_269122194,其他,Others,,,,https://www.ncu.edu.tw,0,0.0
NCU_269122195,320317 桃園市中壢區中大路300號,"No. 300, Zhongda Rd., Zhongli District, Taoyuan City 320317, Taiwan (R.O.C.)",247.7,82.6,0,,,3,3,269122195,NCU-269122195,,,0,NCU_269122195,其他,Others,,,,https://www.ncu.edu.tw,0,0.0
NCU_269122196,320317 桃園市中壢區中大路300號,"No. 300, Zhongda Rd., Zhongli District, Taoyuan City 320317, Taiwan (R.O.C.)",196.6,65.5,0,,,3,3,269122196,NCU-269122196,,,0,NCU_269122196,其他,Others,,,,https://www.ncu.edu.tw,0,0.0
NCU_269122197,320317 桃園市中壢區中大路300號,"No. 300, Zhongda Rd., Zhongli District, Taoyuan City 320317, Taiwan (R.O.C.)",237.7,79.2,0,,,3,3,269122197,NCU-269122197,,,0,NCU_269122197,其他,Others,,,,https://www.ncu.edu.tw,0,0.0
NCU_269122198,320317 桃園市中壢區中大路300號,"No. 300, Zhongda Rd., Zhongli District, Taoyuan City 320317, Taiwan (R.O.C.)",251.1,83.7,0,,,3,3,269122198,NCU-269122198,,,0,NCU_269122198,其他,Others,,,,https://www.ncu.edu.tw,0,0.0
NCU_269122199,320317 桃園市中壢區中大路300號,"No. 300, Zhongda Rd., Zhongli District, Taoyuan City 320317, Taiwan (R.O.C.)",249.2,83.1,0,,,3,3,269122199,NCU-269122199,,,0,NCU_269122199,其他,Others,,,,https://www.ncu.edu.tw,0,0.0
NCU_269122200,320317 桃園市中壢區中大路300號,"No. 300, Zhongda Rd., Zhongli District, Taoyuan City 320317, Taiwan (R.O.C.)",251.3,83.8,0,,,3,3,269122200,NCU-269122200,,,0,NCU_269122200,其他,Others,,,,https://www.ncu.edu.tw,0,0.0
NCU_269122201,320317 桃園市中壢區中大路300號,"No. 300, Zhongda Rd., Zhongli District, Taoyuan City 320317, Taiwan (R.O.C.)",209.1,69.7,0,,,3,3,269122201,NCU-269122201,,,0,NCU_269122201,其他,Others,,,,https://www.ncu.edu.tw,0,0.0
NCU_269122202,320317 桃園市中壢區中大路300號,"No. 300, Zhongda Rd., Zhongli District, Taoyuan City 320317, Taiwan (R.O.C.)",883.6,294.5,0,,,3,3,269122202,NCU-269122202,,,0,NCU_269122202,其他,Others,,,,https://www.ncu.edu.tw,0,0.0
NCU_269122203,320317 桃園市中壢區中大路300號,"No. 300, Zhongda Rd., Zhongli District, Taoyuan City 320317, Taiwan (R.O.C.)",231.5,77.2,0,,,3,3,269122203,NCU-269122203,,,0,NCU_269122203,其他,Others,,,,https://www.ncu.edu.tw,0,0.0
NCU_269122204,320317 桃園市中壢區中大路300號,"No. 300, Zhongda Rd., Zhongli District, Taoyuan City 320317, Taiwan (R.O.C.)",188.3,62.8,0,,,3,3,269122204,NCU-269122204,,,0,NCU_269122204,其他,Others,,,,https://www.ncu.edu.tw,0,0.0
NCU_269122205,320317 桃園市中壢區中大路300號,"No. 300, Zhongda Rd., Zhongli District, Taoyuan City 320317, Taiwan (R.O.C.)",210.9,70.3,0,,,3,3,269122205,NCU-269122205,,,0,NCU_269122205,其他,Others,,,,https://www.ncu.edu.tw,0,0.0
NCU_269122545,320317 桃園市中壢區中大路300號,"No. 300, Zhongda Rd., Zhongli District, Taoyuan City 320317, Taiwan (R.O.C.)",173.7,173.7,0,,,1,1,269122545,單一舍,,,0,NCU_269122545,宿舍,Dormitories,,,,https://www.ncu.edu.tw,1,25793.0
NCU_269122546,320317 桃園市中壢區中大路300號,"No. 300, Zhongda Rd., Zhongli District, Taoyuan City 320317, Taiwan (R.O.C.)",981.2,981.2,0,,,1,1,269122546,單二舍,,,0,NCU_269122546,宿舍,Dormitories,,,,https://www.ncu.edu.tw,1,194602.0
NCU_269122547,320317 桃園市中壢區中大路300號,"No. 300, Zhongda Rd., Zhongli District, Taoyuan City 320317, Taiwan (R.O.C.)",564.5,564.5,0,,,1,1,269122547,松果館(育成中心),,,0,NCU_269122547,宿舍,Dormitories,,,,https://www.ncu.edu.tw,0,0.0
NCU_269122548,320317 桃園市中壢區中大路300號,"No. 300, Zhongda Rd., Zhongli District, Taoyuan City 320317, Taiwan (R.O.C.)",160.7,160.7,0,,,1,1,269122548,單四舍,,,0,NCU_269122548,宿舍,Dormitories,,,,https://www.ncu.edu.tw,1,27338.0
NCU_269122549,320317 桃園市中壢區中大路300號,"No. 300, Zhongda Rd., Zhongli District, Taoyuan City 320317, Taiwan (R.O.C.)",445.8,148.6,0,,,3,3,269122549,NCU-269122549,,,0,NCU_269122549,其他,Others,,,,https://www.ncu.edu.tw,0,0.0
NCU_269122550,320317 桃園市中壢區中大路300號,"No. 300, Zhongda Rd., Zhongli District, Taoyuan City 320317, Taiwan (R.O.C.)",297.1,99.0,0,,,3,3,269122550,NCU-269122550,,,0,NCU_269122550,其他,Others,,,,https://www.ncu.edu.tw,0,0.0
NCU_269122551,320317 桃園市中壢區中大路300號,"No. 300, Zhongda Rd., Zhongli District, Taoyuan City 320317, Taiwan (R.O.C.)",607.1,202.4,0,,,3,3,269122551,NCU-269122551,,,0,NCU_269122551,其他,Others,,,,https://www.ncu.edu.tw,0,0.0
NCU_269122609,320317 桃園市中壢區中大路300號,"No. 300, Zhongda Rd., Zhongli District, Taoyuan City 320317, Taiwan (R.O.C.)",314.5,104.8,0,,,3,3,269122609,NCU-269122609,,,0,NCU_269122609,其他,Others,,,,https://www.ncu.edu.tw,0,0.0
NCU_269122610,320317 桃園市中壢區中大路300號,"No. 300, Zhongda Rd., Zhongli District, Taoyuan City 320317, Taiwan (R.O.C.)",320.4,106.8,0,,,3,3,269122610,NCU-269122610,,,0,NCU_269122610,其他,Others,,,,https://www.ncu.edu.tw,0,0.0
NCU_269122611,320317 桃園市中壢區中大路300號,"No. 300, Zhongda Rd., Zhongli District, Taoyuan City 320317, Taiwan (R.O.C.)",363.8,121.2,0,,,3,3,269122611,NCU-269122611,,,0,NCU_269122611,其他,Others,,,,https://www.ncu.edu.tw,0,0.0
NCU_270806669,320317 桃園市中壢區中大路300號,"No. 300, Zhongda Rd., Zhongli District, Taoyuan City 320317, Taiwan (R.O.C.)",1646.0,1646.0,0,,,1,1,270806669,行政大樓,,,0,NCU_270806669,行政,Administration,,,,https://www.ncu.edu.tw,1,199560.0
NCU_270806670,320317 桃園市中壢區中大路300號,"No. 300, Zhongda Rd., Zhongli District, Taoyuan City 320317, Taiwan (R.O.C.)",784.5,784.5,0,,,1,1,270806670,車庫,,,0,NCU_270806670,其他,Others,,,,https://www.ncu.edu.tw,1,0.0
NCU_270806671,320317 桃園市中壢區中大路300號,"No. 300, Zhongda Rd., Zhongli District, Taoyuan City 320317, Taiwan (R.O.C.)",688.8,688.8,0,,,1,1,270806671,資源回收及垃圾處理場,,,0,NCU_270806671,其他,Others,,,,https://www.ncu.edu.tw,0,0.0
NCU_270954441,320317 桃園市中壢區中大路300號,"No. 300, Zhongda Rd., Zhongli District, Taoyuan City 320317, Taiwan (R.O.C.)",230.9,230.9,0,,,1,1,270954441,校長宿舍,,,0,NCU_270954441,宿舍,Dormitories,,,,https://www.ncu.edu.tw,0,0.0
NCU_566172504,320317 桃園市中壢區中大路300號,"No. 300, Zhongda Rd., Zhongli District, Taoyuan City 320317, Taiwan (R.O.C.)",203.1,101.6,0,,,2,2,566172504,打啵,,,0,NCU_566172504,其他,Others,,,,https://www.ncu.edu.tw,0,0.0
NCU_678329043,320317 桃園市中壢區中大路300號,"No. 300, Zhongda Rd., Zhongli District, Taoyuan City 320317, Taiwan (R.O.C.)",522.6,522.6,0,,,1,1,678329043,中大幼稚園,,,0,NCU_678329043,教學大樓,Instructional Building,,,,https://www.ncu.edu.tw,0,0.0
NCU_996613836,320317 桃園市中壢區中大路300號,"No. 300, Zhongda Rd., Zhongli District, Taoyuan City 320317, Taiwan (R.O.C.)",4391.8,2195.9,0,,,2,2,996613836,教學研究綜合大樓,,,0,NCU_996613836,學術單位,Academic Units,,,,https://www.ncu.edu.tw,1,304274.0
NCU_996613837,320317 桃園市中壢區中大路300號,"No. 300, Zhongda Rd., Zhongli District, Taoyuan City 320317, Taiwan (R.O.C.)",5369.1,2684.6,0,,,2,2,996613837,大禮堂,,,0,NCU_996613837,學術單位,Academic Units,,,,https://www.ncu.edu.tw,0,0.0
NCU_1041679633,320317 桃園市中壢區中大路300號,"No. 300, Zhongda Rd., Zhongli District, Taoyuan City 320317, Taiwan (R.O.C.)",2168.1,2168.1,0,,,1,1,1041679633,中大國民運動中心,,,0,NCU_1041679633,運動設施,Athletics,,,,https://www.ncu.edu.tw,0,0.0
NCU_1078713592,320317 桃園市中壢區中大路300號,"No. 300, Zhongda Rd., Zhongli District, Taoyuan City 320317, Taiwan (R.O.C.)",715.1,238.4,0,,,3,3,1078713592,NCU-1078713592,,,0,NCU_1078713592,其他,Others,,,,https://www.ncu.edu.tw,0,0.0
NCU_1309326913,320317 桃園市中壢區中大路300號,"No. 300, Zhongda Rd., Zhongli District, Taoyuan City 320317, Taiwan (R.O.C.)",1112.9,371.0,0,,,3,3,1309326913,NCU-1309326913,,,0,NCU_1309326913,其他,Others,,,,https://www.ncu.edu.tw,0,0.0
NCU_1309326914,320317 桃園市中壢區中大路300號,"No. 300, Zhongda Rd., Zhongli District, Taoyuan City 320317, Taiwan (R.O.C.)",1027.3,342.4,0,,,3,3,1309326914,NCU-1309326914,,,0,NCU_1309326914,其他,Others,,,,https://www.ncu.edu.tw,0,0.0
NCU_1309326915,320317 桃園市中壢區中大路300號,"No. 300, Zhongda Rd., Zhongli District, Taoyuan City 320317, Taiwan (R.O.C.)",189.1,63.0,0,,,3,3,1309326915,NCU-1309326915,,,0,NCU_1309326915,其他,Others,,,,https://www.ncu.edu.tw,0,0.0
NCU_1309326916,320317 桃園市中壢區中大路300號,"No. 300, Zhongda Rd., Zhongli District, Taoyuan City 320317, Taiwan (R.O.C.)",236.9,79.0,0,,,3,3,1309326916,NCU-1309326916,,,0,NCU_1309326916,其他,Others,,,,https://www.ncu.edu.tw,0,0.0
NCU_1309326917,320317 桃園市中壢區中大路300號,"No. 300, Zhongda Rd., Zhongli District, Taoyuan City 320317, Taiwan (R.O.C.)",140.7,46.9,0,,,3,3,1309326917,NCU-1309326917,,,0,NCU_1309326917,其他,Others,,,,https://www.ncu.edu.tw,0,0.0
NCU_1309326935,320317 桃園市中壢區中大路300號,"No. 300, Zhongda Rd., Zhongli District, Taoyuan City 320317, Taiwan (R.O.C.)",451.6,150.5,0,,,3,3,1309326935,NCU-1309326935,,,0,NCU_1309326935,其他,Others,,,,https://www.ncu.edu.tw,0,0.0
NCU_1309326936,320317 桃園市中壢區中大路300號,"No. 300, Zhongda Rd., Zhongli District, Taoyuan City 320317, Taiwan (R.O.C.)",468.1,156.0,0,,,3,3,1309326936,NCU-1309326936,,,0,NCU_1309326936,其他,Others,,,,https://www.ncu.edu.tw,0,0.0
NCU_1309326937,320317 桃園市中壢區中大路300號,"No. 300, Zhongda Rd., Zhongli District, Taoyuan City 320317, Taiwan (R.O.C.)",1487.4,495.8,0,,,3,3,1309326937,NCU-1309326937,,,0,NCU_1309326937,其他,Others,,,,https://www.ncu.edu.tw,0,0.0
NCU_1309326938,320317 桃園市中壢區中大路300號,"No. 300, Zhongda Rd., Zhongli District, Taoyuan City 320317, Taiwan (R.O.C.)",529.2,176.4,0,,,3,3,1309326938,NCU-1309326938,,,0,NCU_1309326938,其他,Others,,,,https://www.ncu.edu.tw,0,0.0
NCU_1309326941,320317 桃園市中壢區中大路300號,"No. 300, Zhongda Rd., Zhongli District, Taoyuan City 320317, Taiwan (R.O.C.)",84.3,28.1,0,,,3,3,1309326941,NCU-1309326941,,,0,NCU_1309326941,其他,Others,,,,https://www.ncu.edu.tw,0,0.0
NCU_1309326942,320317 桃園市中壢區中大路300號,"No. 300, Zhongda Rd., Zhongli District, Taoyuan City 320317, Taiwan (R.O.C.)",1387.8,462.6,0,,,3,3,1309326942,NCU-1309326942,,,0,NCU_1309326942,其他,Others,,,,https://www.ncu.edu.tw,0,0.0
NCU_1309326943,320317 桃園市中壢區中大路300號,"No. 300, Zhongda Rd., Zhongli District, Taoyuan City 320317, Taiwan (R.O.C.)",365.2,121.7,0,,,3,3,1309326943,NCU-1309326943,,,0,NCU_1309326943,其他,Others,,,,https://www.ncu.edu.tw,0,0.0
NCU_1309326944,320317 桃園市中壢區中大路300號,"No. 300, Zhongda Rd., Zhongli District, Taoyuan City 320317, Taiwan (R.O.C.)",449.2,149.8,0,,,3,3,1309326944,NCU-1309326944,,,0,NCU_1309326944,其他,Others,,,,https://www.ncu.edu.tw,0,0.0
NCU_1309326952,320317 桃園市中壢區中大路300號,"No. 300, Zhongda Rd., Zhongli District, Taoyuan City 320317, Taiwan (R.O.C.)",7985.2,2661.7,0,,,3,3,1309326952,NCU-1309326952,,,0,NCU_1309326952,其他,Others,,,,https://www.ncu.edu.tw,0,0.0
NCU_1309326953,320317 桃園市中壢區中大路300號,"No. 300, Zhongda Rd., Zhongli District, Taoyuan City 320317, Taiwan (R.O.C.)",2505.8,835.3,0,,,3,3,1309326953,NCU-1309326953,,,0,NCU_1309326953,其他,Others,,,,https://www.ncu.edu.tw,0,0.0
NCU_1309326954,320317 桃園市中壢區中大路300號,"No. 300, Zhongda Rd., Zhongli District, Taoyuan City 320317, Taiwan (R.O.C.)",3007.9,1002.6,0,,,3,3,1309326954,NCU-1309326954,,,0,NCU_1309326954,其他,Others,,,,https://www.ncu.edu.tw,0,0.0
NCU_1309326955,320317 桃園市中壢區中大路300號,"No. 300, Zhongda Rd., Zhongli District, Taoyuan City 320317, Taiwan (R.O.C.)",1632.7,544.2,0,,,3,3,1309326955,NCU-1309326955,,,0,NCU_1309326955,其他,Others,,,,https://www.ncu.edu.tw,0,0.0
NCU_1309326956,320317 桃園市中壢區中大路300號,"No. 300, Zhongda Rd., Zhongli District, Taoyuan City 320317, Taiwan (R.O.C.)",2347.0,782.3,0,,,3,3,1309326956,NCU-1309326956,,,0,NCU_1309326956,其他,Others,,,,https://www.ncu.edu.tw,0,0.0
NCU_1309346996,320317 桃園市中壢區中大路300號,"No. 300, Zhongda Rd., Zhongli District, Taoyuan City 320317, Taiwan (R.O.C.)",3458.1,1152.7,0,,,3,3,1309346996,NCU-1309346996,,,0,NCU_1309346996,其他,Others,,,,https://www.ncu.edu.tw,0,0.0
NCU_1309346997,320317 桃園市中壢區中大路300號,"No. 300, Zhongda Rd., Zhongli District, Taoyuan City 320317, Taiwan (R.O.C.)",4137.8,1379.3,0,,,3,3,1309346997,NCU-1309346997,,,0,NCU_1309346997,其他,Others,,,,https://www.ncu.edu.tw,0,0.0
NCU_1309346998,320317 桃園市中壢區中大路300號,"No. 300, Zhongda Rd., Zhongli District, Taoyuan City 320317, Taiwan (R.O.C.)",1388.6,462.9,0,,,3,3,1309346998,NCU-1309346998,,,0,NCU_1309346998,其他,Others,,,,https://www.ncu.edu.tw,0,0.0
NCU_1309347002,320317 桃園市中壢區中大路300號,"No. 300, Zhongda Rd., Zhongli District, Taoyuan City 320317, Taiwan (R.O.C.)",3392.6,1130.9,0,,,3,3,1309347002,NCU-1309347002,,,0,NCU_1309347002,其他,Others,,,,https://www.ncu.edu.tw,0,0.0
NCU_1309347005,320317 桃園市中壢區中大路300號,"No. 300, Zhongda Rd., Zhongli District, Taoyuan City 320317, Taiwan (R.O.C.)",2693.8,897.9,0,,,3,3,1309347005,NCU-1309347005,,,0,NCU_1309347005,其他,Others,,,,https://www.ncu.edu.tw,0,0.0
NCU_1309347006,320317 桃園市中壢區中大路300號,"No. 300, Zhongda Rd., Zhongli District, Taoyuan City 320317, Taiwan (R.O.C.)",1769.2,589.7,0,,,3,3,1309347006,NCU-1309347006,,,0,NCU_1309347006,其他,Others,,,,https://www.ncu.edu.tw,0,0.0
NCU_1309347007,320317 桃園市中壢區中大路300號,"No. 300, Zhongda Rd., Zhongli District, Taoyuan City 320317, Taiwan (R.O.C.)",3424.5,1141.5,0,,,3,3,1309347007,NCU-1309347007,,,0,NCU_1309347007,其他,Others,,,,https://www.ncu.edu.tw,0,0.0
NCU_1309347008,320317 桃園市中壢區中大路300號,"No. 300, Zhongda Rd., Zhongli District, Taoyuan City 320317, Taiwan (R.O.C.)",165.3,55.1,0,,,3,3,1309347008,NCU-1309347008,,,0,NCU_1309347008,其他,Others,,,,https://www.ncu.edu.tw,0,0.0
NCU_6576312,320317 桃園市中壢區中大路300號,"No. 300, Zhongda Rd., Zhongli District, Taoyuan City 320317, Taiwan (R.O.C.)",35282.8,7056.6,0,,,5,5,6576312,工程三館(機械館),,,0,NCU_6576312,學術單位,Academic Units,,,,https://www.ncu.edu.tw,1,557002.0
NCU_8244873,320317 桃園市中壢區中大路300號,"No. 300, Zhongda Rd., Zhongli District, Taoyuan City 320317, Taiwan (R.O.C.)",4036.4,4036.4,0,,,1,1,8244873,曦望居,,,0,NCU_8244873,宿舍,Dormitories,,,,https://www.ncu.edu.tw,1,990107.0
NCU_9000000001,320317 桃園市中壢區中大路300號,"No. 300, Zhongda Rd., Zhongli District, Taoyuan City 320317, Taiwan (R.O.C.)",1200.0,400.0,0,,,3,3,9000000001,地下水1號水塔,,,0,NCU_9000000001,其他,Others,,,,https://www.ncu.edu.tw,1,57814.0
NCU_9000000002,320317 桃園市中壢區中大路300號,"No. 300, Zhongda Rd., Zhongli District, Taoyuan City 320317, Taiwan (R.O.C.)",144.0,144.0,0,,,1,1,9000000002,地下水4號水塔,,,0,NCU_9000000002,其他,Others,,,,https://www.ncu.edu.tw,1,30680.0
NCU_9000000004,320317 桃園市中壢區中大路300號,"No. 300, Zhongda Rd., Zhongli District, Taoyuan City 320317, Taiwan (R.O.C.)",1200.0,400.0,0,,,3,3,9000000004,大氣環境實驗室,,,0,NCU_9000000004,學術單位,Academic Units,,,,https://www.ncu.edu.tw,1,90000.0
NCU_9000000005,320317 桃園市中壢區中大路300號,"No. 300, Zhongda Rd., Zhongli District, Taoyuan City 320317, Taiwan (R.O.C.)",13865.4,4621.8,0,,,3,3,9000000005,太空遙測中心,,,0,NCU_9000000005,學術單位,Academic Units,,,,https://www.ncu.edu.tw,1,315320.0
NCU_9000000006,320317 桃園市中壢區中大路300號,"No. 300, Zhongda Rd., Zhongli District, Taoyuan City 320317, Taiwan (R.O.C.)",1200.0,400.0,0,,,3,3,9000000006,學生男六宿舍,,,0,NCU_9000000006,宿舍,Dormitories,,,,https://www.ncu.edu.tw,1,107107.0
NCU_9000000007,320317 桃園市中壢區中大路300號,"No. 300, Zhongda Rd., Zhongli District, Taoyuan City 320317, Taiwan (R.O.C.)",1200.0,400.0,0,,,3,3,9000000007,學生男十三宿舍，七9h20,,,0,NCU_9000000007,宿舍,Dormitories,,,,https://www.ncu.edu.tw,1,104050.0
NCU_9000000008,320317 桃園市中壢區中大路300號,"No. 300, Zhongda Rd., Zhongli District, Taoyuan City 320317, Taiwan (R.O.C.)",18103.6,6034.5,0,,,3,3,9000000008,工五館(A、B棟),,,0,NCU_9000000008,學術單位,Academic Units,,,,https://www.ncu.edu.tw,1,3433359.5
NCU_9000000012,320317 桃園市中壢區中大路300號,"No. 300, Zhongda Rd., Zhongli District, Taoyuan City 320317, Taiwan (R.O.C.)",1200.0,400.0,0,,,3,3,9000000012,氣象觀測站,,,0,NCU_9000000012,其他,Others,,,,https://www.ncu.edu.tw,1,87251.0
NCU_9000000014,320317 桃園市中壢區中大路300號,"No. 300, Zhongda Rd., Zhongli District, Taoyuan City 320317, Taiwan (R.O.C.)",1200.0,400.0,0,,,3,3,9000000014,科一館,,,0,NCU_9000000014,其他,Others,,,,https://www.ncu.edu.tw,1,2069349.0
NCU_9000000015,320317 桃園市中壢區中大路300號,"No. 300, Zhongda Rd., Zhongli District, Taoyuan City 320317, Taiwan (R.O.C.)",1200.0,400.0,0,,,3,3,9000000015,第1水塔,,,0,NCU_9000000015,其他,Others,,,,https://www.ncu.edu.tw,1,31900.0
NCU_9000000016,320317 桃園市中壢區中大路300號,"No. 300, Zhongda Rd., Zhongli District, Taoyuan City 320317, Taiwan (R.O.C.)",1200.0,400.0,0,,,3,3,9000000016,自來水3號水塔,,,0,NCU_9000000016,其他,Others,,,,https://www.ncu.edu.tw,1,230440.0
NCU_9000000017,320317 桃園市中壢區中大路300號,"No. 300, Zhongda Rd., Zhongli District, Taoyuan City 320317, Taiwan (R.O.C.)",1200.0,400.0,0,,,3,3,9000000017,雪楼能,,,0,NCU_9000000017,其他,Others,,,,https://www.ncu.edu.tw,1,334039.0
NCU_9000000018,320317 桃園市中壢區中大路300號,"No. 300, Zhongda Rd., Zhongli District, Taoyuan City 320317, Taiwan (R.O.C.)",1200.0,400.0,0,,,3,3,9000000018,雷達站,,,0,NCU_9000000018,其他,Others,,,,https://www.ncu.edu.tw,1,57637.0
NCU_268561422,320317 桃園市中壢區中大路300號,"No. 300, Zhongda Rd., Zhongli District, Taoyuan City 320317, Taiwan (R.O.C.)",8622.9,2874.3,0,,,3,3,268561422,工四館一期(環化館),,,0,NCU_268561422,學術單位,Academic Units,,,,https://www.ncu.edu.tw,1,150035.0
NCU_9000000021,320317 桃園市中壢區中大路300號,"No. 300, Zhongda Rd., Zhongli District, Taoyuan City 320317, Taiwan (R.O.C.)",7618.4,2539.5,0,,,3,3,9000000021,機電實驗室,,,0,NCU_9000000021,學術單位,Academic Units,,,,https://www.ncu.edu.tw,1,319499.0
NCU_9000000022,320317 桃園市中壢區中大路300號,"No. 300, Zhongda Rd., Zhongli District, Taoyuan City 320317, Taiwan (R.O.C.)",10662.1,5331.0,0,,,2,2,9000000022,風洞實驗室及品保中心,,,0,NCU_9000000022,學術單位,Academic Units,,,,https://www.ncu.edu.tw,1,394139.0
NCU_9000000023,320317 桃園市中壢區中大路300號,"No. 300, Zhongda Rd., Zhongli District, Taoyuan City 320317, Taiwan (R.O.C.)",5955.6,1985.2,0,,,3,3,9000000023,科思創研究中心,,,0,NCU_9000000023,學術單位,Academic Units,,,,https://www.ncu.edu.tw,1,475400.0
NCU_9000000024,320317 桃園市中壢區中大路300號,"No. 300, Zhongda Rd., Zhongli District, Taoyuan City 320317, Taiwan (R.O.C.)",8077.7,1615.5,0,,,5,5,9000000024,研究中心大樓二期,,,0,NCU_9000000024,學術單位,Academic Units,,,,https://www.ncu.edu.tw,1,721800.0
NCU_9000000025,320317 桃園市中壢區中大路300號,"No. 300, Zhongda Rd., Zhongli District, Taoyuan City 320317, Taiwan (R.O.C.)",5578.1,2789.1,0,,,2,2,9000000025,游泳池,,,0,NCU_9000000025,運動設施,Athletics,,,,https://www.ncu.edu.tw,0,0.0
NCU_9000000003,320317 桃園市中壢區中大路300號,"No. 300, Zhongda Rd., Zhongli District, Taoyuan City 320317, Taiwan (R.O.C.)",400.0,400.0,0,,,1,1,9000000003,垃圾集中處理場,,,0,NCU_9000000003,其他,Others,,,,https://www.ncu.edu.tw,1,43203.0
NCU_9000000013,320317 桃園市中壢區中大路300號,"No. 300, Zhongda Rd., Zhongli District, Taoyuan City 320317, Taiwan (R.O.C.)",1200.0,400.0,0,,,3,3,9000000013,產學營運中心,,,0,NCU_9000000013,學術單位,Academic Units,,,,https://www.ncu.edu.tw,1,189867.0
NCU_9000000019,320317 桃園市中壢區中大路300號,"No. 300, Zhongda Rd., Zhongli District, Taoyuan City 320317, Taiwan (R.O.C.)",19760.0,4940.0,0,,,4,4,9000000019,電機館,,,0,NCU_9000000019,學術單位,Academic Units,,,,https://www.ncu.edu.tw,1,456159.0
